{
  "front_prior": {
    "1": 0.14832361516034986,
    "2": 0.14212827988338192,
    "3": 0.1457725947521866,
    "4": 0.12973760932944606,
    "5": 0.14650145772594753,
    "6": 0.14030612244897958,
    "7": 0.14941690962099125,
    "8": 0.13338192419825073,
    "9": 0.1315597667638484,
    "10": 0.13666180758017493,
    "11": 0.14540816326530612,
    "12": 0.1326530612244898,
    "13": 0.1293731778425656,
    "14": 0.13228862973760933,
    "15": 0.12973760932944606,
    "16": 0.12062682215743441,
    "17": 0.13411078717201166,
    "18": 0.13520408163265307,
    "19": 0.14686588921282798,
    "20": 0.14322157434402333,
    "21": 0.13374635568513119,
    "22": 0.15634110787172012,
    "23": 0.13884839650145772,
    "24": 0.12682215743440234,
    "25": 0.14322157434402333,
    "26": 0.13556851311953352,
    "27": 0.13884839650145772,
    "28": 0.13739067055393586,
    "29": 0.1727405247813411,
    "30": 0.16362973760932945,
    "31": 0.14941690962099125,
    "32": 0.16107871720116618,
    "33": 0.16800291545189505,
    "34": 0.15415451895043733,
    "35": 0.16690962099125364
  },
  "back_prior": {
    "1": 0.15816326530612246,
    "2": 0.16545189504373178,
    "3": 0.1650874635568513,
    "4": 0.16034985422740525,
    "5": 0.1716472303206997,
    "6": 0.16290087463556852,
    "7": 0.17784256559766765,
    "8": 0.1552478134110787,
    "9": 0.16690962099125364,
    "10": 0.17966472303206998,
    "11": 0.16654518950437316,
    "12": 0.17018950437317784
  },
  "front_likelihood": {
    "1": 0.18,
    "2": 0.12,
    "3": 0.16,
    "4": 0.12,
    "5": 0.08,
    "6": 0.18,
    "7": 0.1,
    "8": 0.16,
    "9": 0.12,
    "10": 0.14,
    "11": 0.12,
    "12": 0.12,
    "13": 0.12,
    "14": 0.1,
    "15": 0.12,
    "16": 0.18,
    "17": 0.14,
    "18": 0.1,
    "19": 0.1,
    "20": 0.12,
    "21": 0.16,
    "22": 0.22,
    "23": 0.18,
    "24": 0.1,
    "25": 0.16,
    "26": 0.12,
    "27": 0.14,
    "28": 0.06,
    "29": 0.2,
    "30": 0.08,
    "31": 0.18,
    "32": 0.2,
    "33": 0.08,
    "34": 0.22,
    "35": 0.32
  },
  "back_likelihood": {
    "1": 0.2,
    "2": 0.18,
    "3": 0.12,
    "4": 0.18,
    "5": 0.06,
    "6": 0.24,
    "7": 0.1,
    "8": 0.12,
    "9": 0.2,
    "10": 0.16,
    "11": 0.24,
    "12": 0.2
  },
  "front_posterior": {
    "1": 0.03696564808460824,
    "2": 0.02361441892382836,
    "3": 0.032293222459936224,
    "4": 0.021555725992007425,
    "5": 0.01622734428611795,
    "6": 0.03496750494489968,
    "7": 0.02068784563839664,
    "8": 0.029548298550841644,
    "9": 0.021858474952569328,
    "10": 0.026490534049166438,
    "11": 0.024159367052839782,
    "12": 0.02204012432890647,
    "13": 0.02149517619989505,
    "14": 0.018316312113995075,
    "15": 0.021555725992007425,
    "16": 0.030062971783796875,
    "17": 0.02599604408024866,
    "18": 0.01871997739474428,
    "19": 0.020334638517741088,
    "20": 0.023796068300165504,
    "21": 0.02962903160699148,
    "22": 0.0476224114963872,
    "23": 0.0346042061922254,
    "24": 0.017559439712590323,
    "25": 0.031728091066887336,
    "26": 0.022524522665805513,
    "27": 0.026914382593953096,
    "28": 0.011413635813183708,
    "29": 0.047834335768780524,
    "30": 0.018124571105639205,
    "31": 0.03723812214911395,
    "32": 0.0446050135227869,
    "33": 0.01860896944253825,
    "34": 0.04695636378315102,
    "35": 0.07395147943325395
  },
  "back_posterior": {
    "1": 0.09526945450554276,
    "2": 0.08969377675337505,
    "3": 0.05966414224563714,
    "4": 0.08692788936450443,
    "5": 0.031017451432334538,
    "6": 0.11774777741191965,
    "7": 0.05356162880035123,
    "8": 0.05610800131708923,
    "9": 0.10053781143672484,
    "10": 0.08657666556909231,
    "11": 0.12038195587751069,
    "12": 0.10251344528591812
  },
  "recent_periods": 50
}