{
  "front_theoretical_prob": 0.14285714285714285,
  "back_theoretical_prob": 0.16666666666666666,
  "front_actual_probs": {
    "1": 0.14832361516034986,
    "2": 0.14212827988338192,
    "3": 0.1457725947521866,
    "4": 0.12973760932944606,
    "5": 0.14650145772594753,
    "6": 0.14030612244897958,
    "7": 0.14941690962099125,
    "8": 0.13338192419825073,
    "9": 0.1315597667638484,
    "10": 0.13666180758017493,
    "11": 0.14540816326530612,
    "12": 0.1326530612244898,
    "13": 0.1293731778425656,
    "14": 0.13228862973760933,
    "15": 0.12973760932944606,
    "16": 0.12062682215743441,
    "17": 0.13411078717201166,
    "18": 0.13520408163265307,
    "19": 0.14686588921282798,
    "20": 0.14322157434402333,
    "21": 0.13374635568513119,
    "22": 0.15634110787172012,
    "23": 0.13884839650145772,
    "24": 0.12682215743440234,
    "25": 0.14322157434402333,
    "26": 0.13556851311953352,
    "27": 0.13884839650145772,
    "28": 0.13739067055393586,
    "29": 0.1727405247813411,
    "30": 0.16362973760932945,
    "31": 0.14941690962099125,
    "32": 0.16107871720116618,
    "33": 0.16800291545189505,
    "34": 0.15415451895043733,
    "35": 0.16690962099125364
  },
  "back_actual_probs": {
    "1": 0.15816326530612246,
    "2": 0.16545189504373178,
    "3": 0.1650874635568513,
    "4": 0.16034985422740525,
    "5": 0.1716472303206997,
    "6": 0.16290087463556852,
    "7": 0.17784256559766765,
    "8": 0.1552478134110787,
    "9": 0.16690962099125364,
    "10": 0.17966472303206998,
    "11": 0.16654518950437316,
    "12": 0.17018950437317784
  },
  "front_chi2_test": {
    "chi2": 104.23469387755102,
    "p_value": 4.689893545059615e-09,
    "is_random": false
  },
  "back_chi2_test": {
    "chi2": 9.744897959183673,
    "p_value": 0.5534693457399815,
    "is_random": true
  }
}