{
  "front_sum_stats": {
    "mean": 92.11516034985422,
    "std": 22.390156310527544,
    "min": 27,
    "max": 163,
    "median": 92.0
  },
  "back_sum_stats": {
    "mean": 13.121355685131196,
    "std": 4.617299694751872,
    "min": 3,
    "max": 23,
    "median": 13.0
  },
  "front_range_stats": {
    "mean": 24.129008746355684,
    "std": 6.024195956166337,
    "min": 5,
    "max": 34
  },
  "back_range_stats": {
    "mean": 4.36771137026239,
    "std": 2.660584452893497,
    "min": 1,
    "max": 11
  },
  "front_ac_stats": {
    "mean": 24.129008746355684,
    "std": 6.024195956166337,
    "min": 5,
    "max": 34
  }
}