{
  "distribution_statistics": {
    "front_sum": {
      "mean": 92.11516034985422,
      "std": 22.390156310527544,
      "min": 27,
      "max": 163
    },
    "back_sum": {
      "mean": 13.121355685131196,
      "std": 4.617299694751872,
      "min": 3,
      "max": 23
    },
    "front_odd_ratio": 0.5237609329446065,
    "back_odd_ratio": 0.503097667638484,
    "front_small_ratio": 0.465597667638484,
    "back_small_ratio": 0.4918002915451895
  },
  "analysis_date": "2025-07-09T23:27:08.312856",
  "total_periods": 2744
}