{
  "front_posterior": {
    "1": 0.0296,
    "2": 0.0272,
    "3": 0.026,
    "4": 0.02,
    "5": 0.0272,
    "6": 0.0264,
    "7": 0.024399999999999998,
    "8": 0.022,
    "9": 0.0216,
    "10": 0.0316,
    "11": 0.0308,
    "12": 0.026,
    "13": 0.026,
    "14": 0.0268,
    "15": 0.0192,
    "16": 0.0172,
    "17": 0.020799999999999996,
    "18": 0.022,
    "19": 0.0284,
    "20": 0.0232,
    "21": 0.0276,
    "22": 0.0316,
    "23": 0.028800000000000003,
    "24": 0.0304,
    "25": 0.0328,
    "26": 0.026,
    "27": 0.0272,
    "28": 0.0236,
    "29": 0.04,
    "30": 0.0356,
    "31": 0.0336,
    "32": 0.046,
    "33": 0.0436,
    "34": 0.036,
    "35": 0.0408
  },
  "back_posterior": {
    "1": 0.076,
    "2": 0.084,
    "3": 0.069,
    "4": 0.088,
    "5": 0.081,
    "6": 0.085,
    "7": 0.08,
    "8": 0.08,
    "9": 0.092,
    "10": 0.105,
    "11": 0.084,
    "12": 0.076
  },
  "front_likelihood": {
    "19": 0.0284,
    "20": 0.0232,
    "30": 0.0356,
    "33": 0.0436,
    "35": 0.0408,
    "3": 0.026,
    "11": 0.0308,
    "17": 0.0208,
    "21": 0.0276,
    "2": 0.0272,
    "12": 0.026,
    "13": 0.026,
    "25": 0.0328,
    "9": 0.0216,
    "28": 0.0236,
    "29": 0.04,
    "4": 0.02,
    "24": 0.0304,
    "14": 0.0268,
    "16": 0.0172,
    "32": 0.046,
    "34": 0.036,
    "15": 0.0192,
    "6": 0.0264,
    "10": 0.0316,
    "23": 0.0288,
    "26": 0.026,
    "31": 0.0336,
    "8": 0.022,
    "18": 0.022,
    "5": 0.0272,
    "1": 0.0296,
    "22": 0.0316,
    "7": 0.0244,
    "27": 0.0272
  },
  "back_likelihood": {
    "6": 0.085,
    "8": 0.08,
    "1": 0.076,
    "7": 0.08,
    "2": 0.084,
    "10": 0.105,
    "5": 0.081,
    "12": 0.076,
    "9": 0.092,
    "3": 0.069,
    "4": 0.088,
    "11": 0.084
  },
  "analysis_periods": 500,
  "timestamp": "2025-07-12T19:40:38.606286"
}