{
  "front_posterior": {
    "1": 0.032,
    "2": 0.022,
    "3": 0.022,
    "4": 0.032,
    "5": 0.02,
    "6": 0.028,
    "7": 0.018,
    "8": 0.026,
    "9": 0.024,
    "10": 0.028,
    "11": 0.026,
    "12": 0.03,
    "13": 0.024,
    "14": 0.024,
    "15": 0.018,
    "16": 0.032,
    "17": 0.022,
    "18": 0.024,
    "19": 0.024,
    "20": 0.026,
    "21": 0.03,
    "22": 0.03,
    "23": 0.028,
    "24": 0.036,
    "25": 0.03,
    "26": 0.024,
    "27": 0.022,
    "28": 0.02,
    "29": 0.044,
    "30": 0.022,
    "31": 0.048,
    "32": 0.036,
    "33": 0.038,
    "34": 0.038,
    "35": 0.052
  },
  "back_posterior": {
    "1": 0.08500000000000002,
    "2": 0.08000000000000002,
    "3": 0.07000000000000002,
    "4": 0.08000000000000002,
    "5": 0.060000000000000005,
    "6": 0.09000000000000001,
    "7": 0.07500000000000001,
    "8": 0.060000000000000005,
    "9": 0.11000000000000003,
    "10": 0.11500000000000002,
    "11": 0.08500000000000002,
    "12": 0.09000000000000001
  },
  "front_likelihood": {
    "3": 0.022,
    "4": 0.032,
    "5": 0.02,
    "12": 0.03,
    "28": 0.02,
    "10": 0.028,
    "26": 0.024,
    "29": 0.044,
    "34": 0.038,
    "18": 0.024,
    "25": 0.03,
    "31": 0.048,
    "9": 0.024,
    "22": 0.03,
    "24": 0.036,
    "33": 0.038,
    "1": 0.032,
    "11": 0.026,
    "13": 0.024,
    "32": 0.036,
    "35": 0.052,
    "2": 0.022,
    "6": 0.028,
    "8": 0.026,
    "16": 0.032,
    "27": 0.022,
    "19": 0.024,
    "7": 0.018,
    "20": 0.026,
    "30": 0.022,
    "17": 0.022,
    "21": 0.03,
    "23": 0.028,
    "14": 0.024,
    "15": 0.018
  },
  "back_likelihood": {
    "3": 0.07,
    "12": 0.09,
    "5": 0.06,
    "7": 0.075,
    "9": 0.11,
    "10": 0.115,
    "8": 0.06,
    "2": 0.08,
    "6": 0.09,
    "1": 0.085,
    "4": 0.08,
    "11": 0.085
  },
  "analysis_periods": 100,
  "timestamp": "2025-07-12T20:08:01.472945"
}