{
  "front_posterior": {
    "1": 0.032666666666666656,
    "2": 0.023999999999999997,
    "3": 0.026666666666666665,
    "4": 0.02133333333333333,
    "5": 0.028666666666666663,
    "6": 0.027999999999999997,
    "7": 0.025999999999999995,
    "8": 0.020666666666666663,
    "9": 0.024666666666666663,
    "10": 0.031999999999999994,
    "11": 0.029999999999999995,
    "12": 0.025333333333333333,
    "13": 0.024666666666666663,
    "14": 0.02333333333333333,
    "15": 0.02133333333333333,
    "16": 0.018666666666666665,
    "17": 0.020666666666666663,
    "18": 0.02266666666666667,
    "19": 0.025333333333333333,
    "20": 0.021999999999999995,
    "21": 0.027999999999999997,
    "22": 0.033999999999999996,
    "23": 0.02733333333333333,
    "24": 0.031999999999999994,
    "25": 0.031999999999999994,
    "26": 0.02333333333333333,
    "27": 0.027999999999999997,
    "28": 0.02,
    "29": 0.042,
    "30": 0.029999999999999995,
    "31": 0.040666666666666657,
    "32": 0.04266666666666666,
    "33": 0.04399999999999999,
    "34": 0.031333333333333324,
    "35": 0.04599999999999999
  },
  "back_posterior": {
    "1": 0.07,
    "2": 0.06666666666666667,
    "3": 0.07333333333333333,
    "4": 0.105,
    "5": 0.07833333333333334,
    "6": 0.08666666666666667,
    "7": 0.07166666666666667,
    "8": 0.07833333333333334,
    "9": 0.10166666666666666,
    "10": 0.10666666666666667,
    "11": 0.085,
    "12": 0.07666666666666666
  },
  "front_likelihood": {
    "5": 0.028666666666666667,
    "9": 0.024666666666666667,
    "24": 0.032,
    "31": 0.04066666666666666,
    "33": 0.044,
    "23": 0.027333333333333334,
    "30": 0.03,
    "34": 0.03133333333333333,
    "35": 0.046,
    "3": 0.02666666666666667,
    "11": 0.03,
    "22": 0.034,
    "26": 0.023333333333333334,
    "29": 0.042,
    "15": 0.021333333333333333,
    "28": 0.02,
    "32": 0.042666666666666665,
    "16": 0.018666666666666668,
    "6": 0.028,
    "25": 0.032,
    "27": 0.028,
    "13": 0.024666666666666667,
    "18": 0.02266666666666667,
    "21": 0.028,
    "1": 0.03266666666666666,
    "14": 0.023333333333333334,
    "7": 0.026,
    "20": 0.022,
    "10": 0.032,
    "17": 0.020666666666666667,
    "19": 0.025333333333333333,
    "2": 0.024,
    "12": 0.025333333333333333,
    "8": 0.020666666666666667,
    "4": 0.021333333333333333
  },
  "back_likelihood": {
    "5": 0.07833333333333334,
    "6": 0.08666666666666667,
    "1": 0.07,
    "3": 0.07333333333333333,
    "12": 0.07666666666666666,
    "8": 0.07833333333333334,
    "9": 0.10166666666666667,
    "11": 0.085,
    "4": 0.105,
    "2": 0.06666666666666667,
    "7": 0.07166666666666667,
    "10": 0.10666666666666667
  },
  "analysis_periods": 300,
  "timestamp": "2025-07-12T19:07:10.039793"
}