{
  "integration_scores": {
    "front_integration": {
      "1": 0.04000000000000001,
      "2": 0.04000000000000001,
      "3": 0.04000000000000001,
      "4": 0.04000000000000001,
      "5": 0.04000000000000001,
      "6": 0.04000000000000001,
      "7": 0.04000000000000001,
      "8": 0.04000000000000001,
      "9": 0.04000000000000001,
      "10": 0.04000000000000001,
      "11": 0.04000000000000001,
      "12": 0.04000000000000001,
      "13": 0.04000000000000001,
      "14": 0.04000000000000001,
      "15": 0.04000000000000001,
      "16": 0.04000000000000001,
      "17": 0.04000000000000001,
      "18": 0.04000000000000001,
      "19": 0.04000000000000001,
      "20": 0.04000000000000001,
      "21": 0.04000000000000001,
      "22": 0.04000000000000001,
      "23": 0.04000000000000001,
      "24": 0.04000000000000001,
      "25": 0.04000000000000001,
      "26": 0.04000000000000001,
      "27": 0.04000000000000001,
      "28": 0.04000000000000001,
      "29": 0.04000000000000001,
      "30": 0.04000000000000001,
      "31": 0.04000000000000001,
      "32": 0.04000000000000001,
      "33": 0.04000000000000001,
      "34": 0.04000000000000001,
      "35": 0.04000000000000001
    },
    "back_integration": {
      "1": 0.04000000000000001,
      "2": 0.04000000000000001,
      "3": 0.04000000000000001,
      "4": 0.04000000000000001,
      "5": 0.04000000000000001,
      "6": 0.04000000000000001,
      "7": 0.04000000000000001,
      "8": 0.04000000000000001,
      "9": 0.04000000000000001,
      "10": 0.04000000000000001,
      "11": 0.04000000000000001,
      "12": 0.04000000000000001
    }
  },
  "front_integrated": [
    [
      1,
      0.04000000000000001
    ],
    [
      2,
      0.04000000000000001
    ],
    [
      3,
      0.04000000000000001
    ],
    [
      4,
      0.04000000000000001
    ],
    [
      5,
      0.04000000000000001
    ],
    [
      6,
      0.04000000000000001
    ],
    [
      7,
      0.04000000000000001
    ],
    [
      8,
      0.04000000000000001
    ],
    [
      9,
      0.04000000000000001
    ],
    [
      10,
      0.04000000000000001
    ]
  ],
  "back_integrated": [
    [
      1,
      0.04000000000000001
    ],
    [
      2,
      0.04000000000000001
    ],
    [
      3,
      0.04000000000000001
    ],
    [
      4,
      0.04000000000000001
    ],
    [
      5,
      0.04000000000000001
    ],
    [
      6,
      0.04000000000000001
    ]
  ],
  "integration_weights": {
    "hot_cold": 0.4,
    "markov": 0.6
  },
  "analysis_periods": 500,
  "timestamp": "2025-07-12T20:07:07.972349"
}