{
  "front_hot": [
    "1",
    "12",
    "16",
    "21",
    "22",
    "24",
    "25",
    "29",
    "31",
    "32",
    "33",
    "34",
    "35",
    "4"
  ],
  "front_cold": [
    "10",
    "11",
    "13",
    "14",
    "15",
    "17",
    "18",
    "19",
    "2",
    "20",
    "23",
    "26",
    "27",
    "28",
    "3",
    "30",
    "5",
    "6",
    "7",
    "8",
    "9"
  ],
  "back_hot": [
    "1",
    "10",
    "11",
    "12",
    "6",
    "9"
  ],
  "back_cold": [
    "2",
    "3",
    "4",
    "5",
    "7",
    "8"
  ],
  "front_avg_freq": 14.285714285714286,
  "back_avg_freq": 16.666666666666668,
  "analysis_periods": 100,
  "timestamp": "2025-07-12T18:57:04.370769"
}